{"uid":"4b4757e66a1912dae1a509f688f20b0f","name":"categories","children":[{"name":"Product defects","children":[{"name":"AssertionError: [USER] Expected 401/403, got 404. This role should NOT have update service access!\nassert 404 in [401, 403]\n +  where 404 = <Response [404 Not Found]>.status_code","children":[{"name":"Unauthorized roles cannot update service — user_client_with_valid_api_key","uid":"c9d8262fa9493a24","parentUid":"68c657442b9eabc551344cd929c81341","status":"failed","time":{"start":1771865988477,"stop":1771865991581,"duration":3104},"flaky":false,"newFailed":false,"newPassed":false,"newBroken":false,"retriesCount":0,"retriesStatusChange":false,"parameters":["'user_client_with_valid_api_key'"],"tags":["rbac"]}],"uid":"68c657442b9eabc551344cd929c81341"},{"name":"AssertionError: [GUEST] Expected 401/403, got 404. This role should NOT have update service access!\nassert 404 in [401, 403]\n +  where 404 = <Response [404 Not Found]>.status_code","children":[{"name":"Unauthorized roles cannot update service — guest_client_with_valid_api_key","uid":"e599f4948860f1b4","parentUid":"34f4af041e06d0492d1dc5fbee2b9765","status":"failed","time":{"start":1771865991608,"stop":1771865994564,"duration":2956},"flaky":false,"newFailed":false,"newPassed":false,"newBroken":false,"retriesCount":0,"retriesStatusChange":false,"parameters":["'guest_client_with_valid_api_key'"],"tags":["rbac"]}],"uid":"34f4af041e06d0492d1dc5fbee2b9765"},{"name":"AssertionError: [ADMIN] Expected 400/409/422 — cannot publish service with deprecated model, got 200. Response: \"Service 'b86fbda57f4d8610182c687c84c884f1' updated successfully.\"\nassert 200 in [400, 409, 422]\n +  where 200 = <Response [200 OK]>.status_code","children":[{"name":"Cannot publish service with deprecated model — admin_client_with_valid_api_key","uid":"64faf4fd8f61dc1c","parentUid":"103aaeef7e79e0af6bf71d5d3168d8d6","status":"failed","time":{"start":1771865994573,"stop":1771865996109,"duration":1536},"flaky":false,"newFailed":false,"newPassed":false,"newBroken":false,"retriesCount":0,"retriesStatusChange":false,"parameters":["'admin_client_with_valid_api_key'"],"tags":["business_case"]}],"uid":"103aaeef7e79e0af6bf71d5d3168d8d6"},{"name":"AssertionError: [MODERATOR] Expected 400/409/422 — cannot publish service with deprecated model, got 200. Response: \"Service 'b760ab611334e8eae8f45bf7933026c2' updated successfully.\"\nassert 200 in [400, 409, 422]\n +  where 200 = <Response [200 OK]>.status_code","children":[{"name":"Cannot publish service with deprecated model — moderator_client_with_valid_api_key","uid":"8ee6c65ed5abb825","parentUid":"ee6eaccc308a86e59f5baaaee4d1c8be","status":"failed","time":{"start":1771865996120,"stop":1771865997506,"duration":1386},"flaky":false,"newFailed":false,"newPassed":false,"newBroken":false,"retriesCount":0,"retriesStatusChange":false,"parameters":["'moderator_client_with_valid_api_key'"],"tags":["business_case"]}],"uid":"ee6eaccc308a86e59f5baaaee4d1c8be"}],"uid":"8fb3a91ba5aaf9de24cc8a92edc82b5d"}]}