{"uid":"ab17fc5a4eb3bca4b216b548c7f9fcbc","name":"timeline","children":[{"name":"TI-LAP-1094","children":[{"name":"676750-MainThread","children":[{"name":"Update service description — admin_client_with_valid_api_key","uid":"a1d637dabab2e4e3","parentUid":"dbe5ccc3e330e3f8904430decd5c6fbc","status":"passed","time":{"start":1771865974284,"stop":1771865978432,"duration":4148},"flaky":false,"newFailed":false,"newPassed":false,"newBroken":false,"retriesCount":0,"retriesStatusChange":false,"parameters":["'admin_client_with_valid_api_key'"],"tags":[]},{"name":"Publish and unpublish service — moderator_client_with_valid_api_key","uid":"e8edbef9a8bd1937","parentUid":"dbe5ccc3e330e3f8904430decd5c6fbc","status":"passed","time":{"start":1771865986655,"stop":1771865988158,"duration":1503},"flaky":false,"newFailed":false,"newPassed":false,"newBroken":false,"retriesCount":0,"retriesStatusChange":false,"parameters":["'moderator_client_with_valid_api_key'"],"tags":["business_case"]},{"name":"Cannot publish service with deprecated model — moderator_client_with_valid_api_key","uid":"8ee6c65ed5abb825","parentUid":"dbe5ccc3e330e3f8904430decd5c6fbc","status":"failed","time":{"start":1771865996120,"stop":1771865997506,"duration":1386},"flaky":false,"newFailed":false,"newPassed":false,"newBroken":false,"retriesCount":0,"retriesStatusChange":false,"parameters":["'moderator_client_with_valid_api_key'"],"tags":["business_case"]},{"name":"Unauthorized roles cannot update service — user_client_with_valid_api_key","uid":"c9d8262fa9493a24","parentUid":"dbe5ccc3e330e3f8904430decd5c6fbc","status":"failed","time":{"start":1771865988477,"stop":1771865991581,"duration":3104},"flaky":false,"newFailed":false,"newPassed":false,"newBroken":false,"retriesCount":0,"retriesStatusChange":false,"parameters":["'user_client_with_valid_api_key'"],"tags":["rbac"]},{"name":"Cannot publish service with deprecated model — admin_client_with_valid_api_key","uid":"64faf4fd8f61dc1c","parentUid":"dbe5ccc3e330e3f8904430decd5c6fbc","status":"failed","time":{"start":1771865994573,"stop":1771865996109,"duration":1536},"flaky":false,"newFailed":false,"newPassed":false,"newBroken":false,"retriesCount":0,"retriesStatusChange":false,"parameters":["'admin_client_with_valid_api_key'"],"tags":["business_case"]},{"name":"Update service hardware description — admin_client_with_valid_api_key","uid":"e3609ad90f86147d","parentUid":"dbe5ccc3e330e3f8904430decd5c6fbc","status":"passed","time":{"start":1771865982797,"stop":1771865983987,"duration":1190},"flaky":false,"newFailed":false,"newPassed":false,"newBroken":false,"retriesCount":0,"retriesStatusChange":false,"parameters":["'admin_client_with_valid_api_key'"],"tags":[]},{"name":"Update service with invalid serviceId — admin_client_with_valid_api_key","uid":"4db5b0987f65933c","parentUid":"dbe5ccc3e330e3f8904430decd5c6fbc","status":"passed","time":{"start":1771865988160,"stop":1771865988321,"duration":161},"flaky":false,"newFailed":false,"newPassed":false,"newBroken":false,"retriesCount":0,"retriesStatusChange":false,"parameters":["'admin_client_with_valid_api_key'"],"tags":[]},{"name":"Update service hardware description — moderator_client_with_valid_api_key","uid":"fb79ef1f86456b4b","parentUid":"dbe5ccc3e330e3f8904430decd5c6fbc","status":"passed","time":{"start":1771865983989,"stop":1771865985214,"duration":1225},"flaky":false,"newFailed":false,"newPassed":false,"newBroken":false,"retriesCount":0,"retriesStatusChange":false,"parameters":["'moderator_client_with_valid_api_key'"],"tags":[]},{"name":"Update service description — moderator_client_with_valid_api_key","uid":"292f38213aa27ced","parentUid":"dbe5ccc3e330e3f8904430decd5c6fbc","status":"passed","time":{"start":1771865978434,"stop":1771865982795,"duration":4361},"flaky":false,"newFailed":false,"newPassed":false,"newBroken":false,"retriesCount":0,"retriesStatusChange":false,"parameters":["'moderator_client_with_valid_api_key'"],"tags":[]},{"name":"Unauthorized roles cannot update service — guest_client_with_valid_api_key","uid":"e599f4948860f1b4","parentUid":"dbe5ccc3e330e3f8904430decd5c6fbc","status":"failed","time":{"start":1771865991608,"stop":1771865994564,"duration":2956},"flaky":false,"newFailed":false,"newPassed":false,"newBroken":false,"retriesCount":0,"retriesStatusChange":false,"parameters":["'guest_client_with_valid_api_key'"],"tags":["rbac"]},{"name":"Update service with invalid serviceId — moderator_client_with_valid_api_key","uid":"c6ca4f713a34b6b4","parentUid":"dbe5ccc3e330e3f8904430decd5c6fbc","status":"passed","time":{"start":1771865988327,"stop":1771865988475,"duration":148},"flaky":false,"newFailed":false,"newPassed":false,"newBroken":false,"retriesCount":0,"retriesStatusChange":false,"parameters":["'moderator_client_with_valid_api_key'"],"tags":[]},{"name":"Publish and unpublish service — admin_client_with_valid_api_key","uid":"1d602579d1f98e70","parentUid":"dbe5ccc3e330e3f8904430decd5c6fbc","status":"passed","time":{"start":1771865985217,"stop":1771865986653,"duration":1436},"flaky":false,"newFailed":false,"newPassed":false,"newBroken":false,"retriesCount":0,"retriesStatusChange":false,"parameters":["'admin_client_with_valid_api_key'"],"tags":["business_case"]}],"uid":"dbe5ccc3e330e3f8904430decd5c6fbc"}],"uid":"ed1680dac3b3700c9d2b28fba2d60fcd"}]}