[{"uid":"64faf4fd8f61dc1c","name":"Cannot publish service with deprecated model — admin_client_with_valid_api_key","time":{"start":1771865994573,"stop":1771865996109,"duration":1536},"status":"failed","severity":"critical"},{"uid":"a1d637dabab2e4e3","name":"Update service description — admin_client_with_valid_api_key","time":{"start":1771865974284,"stop":1771865978432,"duration":4148},"status":"passed","severity":"normal"},{"uid":"292f38213aa27ced","name":"Update service description — moderator_client_with_valid_api_key","time":{"start":1771865978434,"stop":1771865982795,"duration":4361},"status":"passed","severity":"normal"},{"uid":"4db5b0987f65933c","name":"Update service with invalid serviceId — admin_client_with_valid_api_key","time":{"start":1771865988160,"stop":1771865988321,"duration":161},"status":"passed","severity":"minor"},{"uid":"fb79ef1f86456b4b","name":"Update service hardware description — moderator_client_with_valid_api_key","time":{"start":1771865983989,"stop":1771865985214,"duration":1225},"status":"passed","severity":"normal"},{"uid":"c6ca4f713a34b6b4","name":"Update service with invalid serviceId — moderator_client_with_valid_api_key","time":{"start":1771865988327,"stop":1771865988475,"duration":148},"status":"passed","severity":"minor"},{"uid":"8ee6c65ed5abb825","name":"Cannot publish service with deprecated model — moderator_client_with_valid_api_key","time":{"start":1771865996120,"stop":1771865997506,"duration":1386},"status":"failed","severity":"critical"},{"uid":"e599f4948860f1b4","name":"Unauthorized roles cannot update service — guest_client_with_valid_api_key","time":{"start":1771865991608,"stop":1771865994564,"duration":2956},"status":"failed","severity":"minor"},{"uid":"1d602579d1f98e70","name":"Publish and unpublish service — admin_client_with_valid_api_key","time":{"start":1771865985217,"stop":1771865986653,"duration":1436},"status":"passed","severity":"critical"},{"uid":"e8edbef9a8bd1937","name":"Publish and unpublish service — moderator_client_with_valid_api_key","time":{"start":1771865986655,"stop":1771865988158,"duration":1503},"status":"passed","severity":"critical"},{"uid":"e3609ad90f86147d","name":"Update service hardware description — admin_client_with_valid_api_key","time":{"start":1771865982797,"stop":1771865983987,"duration":1190},"status":"passed","severity":"normal"},{"uid":"c9d8262fa9493a24","name":"Unauthorized roles cannot update service — user_client_with_valid_api_key","time":{"start":1771865988477,"stop":1771865991581,"duration":3104},"status":"failed","severity":"minor"}]