{"5043fb1de2f9187406058bd28daeb7d0":{"statistic":{"failed":3,"broken":0,"skipped":0,"passed":0,"unknown":0,"total":3},"items":[{"uid":"8ee6c65ed5abb825","status":"failed","statusDetails":"AssertionError: [MODERATOR] Expected 400/409/422 — cannot publish service with deprecated model, got 200. Response: \"Service 'b760ab611334e8eae8f45bf7933026c2' updated successfully.\"\nassert 200 in [400, 409, 422]\n +  where 200 = <Response [200 OK]>.status_code","time":{"start":1771865996120,"stop":1771865997506,"duration":1386}},{"uid":"bd4b3342a146b1c1","status":"failed","statusDetails":"AssertionError: [MODERATOR] Expected 400/409/422 — cannot publish service with deprecated model, got 200. Response: \"Service 'b4d593143b0f8894efaea93c992d12e2' updated successfully.\"\nassert 200 in [400, 409, 422]\n +  where 200 = <Response [200 OK]>.status_code","time":{"start":1771865958216,"stop":1771865959705,"duration":1489}},{"uid":"3521a69954475c89","status":"failed","statusDetails":"AssertionError: [MODERATOR] Expected 400/409/422 — cannot publish service with deprecated model, got 200. Response: \"Service '92e25b9e07f8fb15bb027a037b4ac810' updated successfully.\"\nassert 200 in [400, 409, 422]\n +  where 200 = <Response [200 OK]>.status_code","time":{"start":1771865769470,"stop":1771865771004,"duration":1534}}]},"fe72ee1e3d3504e6fdc9c3b1579331b4":{"statistic":{"failed":0,"broken":0,"skipped":0,"passed":3,"unknown":0,"total":3},"items":[{"uid":"1d602579d1f98e70","status":"passed","time":{"start":1771865985217,"stop":1771865986653,"duration":1436}},{"uid":"d8b359f132e8acb9","status":"passed","time":{"start":1771865947022,"stop":1771865948702,"duration":1680}},{"uid":"c15afac6e0ac3232","status":"passed","time":{"start":1771865758522,"stop":1771865760014,"duration":1492}}]},"1420a0f1ca56a9228f4e8036fef07aff":{"statistic":{"failed":0,"broken":0,"skipped":0,"passed":3,"unknown":0,"total":3},"items":[{"uid":"292f38213aa27ced","status":"passed","time":{"start":1771865978434,"stop":1771865982795,"duration":4361}},{"uid":"b6f8042a37961f14","status":"passed","time":{"start":1771865940307,"stop":1771865944603,"duration":4296}},{"uid":"5f32ffd0d49065a2","status":"passed","time":{"start":1771865752109,"stop":1771865756102,"duration":3993}}]},"625f999caed7902f5e234bfdcfacbafa":{"statistic":{"failed":3,"broken":0,"skipped":0,"passed":0,"unknown":0,"total":3},"items":[{"uid":"c9d8262fa9493a24","status":"failed","statusDetails":"AssertionError: [USER] Expected 401/403, got 404. This role should NOT have update service access!\nassert 404 in [401, 403]\n +  where 404 = <Response [404 Not Found]>.status_code","time":{"start":1771865988477,"stop":1771865991581,"duration":3104}},{"uid":"3bd211b6d8e1bb6e","status":"failed","statusDetails":"AssertionError: [USER] Expected 401/403, got 404. This role should NOT have update service access!\nassert 404 in [401, 403]\n +  where 404 = <Response [404 Not Found]>.status_code","time":{"start":1771865950638,"stop":1771865953661,"duration":3023}},{"uid":"c710d27280a9faba","status":"failed","statusDetails":"AssertionError: [USER] Expected 401/403, got 404. This role should NOT have update service access!\nassert 404 in [401, 403]\n +  where 404 = <Response [404 Not Found]>.status_code","time":{"start":1771865762011,"stop":1771865764876,"duration":2865}}]},"a76c1046ae2565a158d7b4d5aab8f7c1":{"statistic":{"failed":0,"broken":0,"skipped":0,"passed":3,"unknown":0,"total":3},"items":[{"uid":"c6ca4f713a34b6b4","status":"passed","time":{"start":1771865988327,"stop":1771865988475,"duration":148}},{"uid":"643dab62096f63a1","status":"passed","time":{"start":1771865950477,"stop":1771865950636,"duration":159}},{"uid":"2e937336d54f11ce","status":"passed","time":{"start":1771865761861,"stop":1771865762009,"duration":148}}]},"5db0375a7b267b4ba6114c25dd457b8d":{"statistic":{"failed":3,"broken":0,"skipped":0,"passed":0,"unknown":0,"total":3},"items":[{"uid":"e599f4948860f1b4","status":"failed","statusDetails":"AssertionError: [GUEST] Expected 401/403, got 404. This role should NOT have update service access!\nassert 404 in [401, 403]\n +  where 404 = <Response [404 Not Found]>.status_code","time":{"start":1771865991608,"stop":1771865994564,"duration":2956}},{"uid":"199284d060c7269a","status":"failed","statusDetails":"AssertionError: [GUEST] Expected 401/403, got 404. This role should NOT have update service access!\nassert 404 in [401, 403]\n +  where 404 = <Response [404 Not Found]>.status_code","time":{"start":1771865953690,"stop":1771865956671,"duration":2981}},{"uid":"864b79bc4221e0d","status":"failed","statusDetails":"AssertionError: [GUEST] Expected 401/403, got 404. This role should NOT have update service access!\nassert 404 in [401, 403]\n +  where 404 = <Response [404 Not Found]>.status_code","time":{"start":1771865764903,"stop":1771865767977,"duration":3074}}]},"1be57ef999cea2690d634099e9f7f9b7":{"statistic":{"failed":0,"broken":0,"skipped":0,"passed":3,"unknown":0,"total":3},"items":[{"uid":"fb79ef1f86456b4b","status":"passed","time":{"start":1771865983989,"stop":1771865985214,"duration":1225}},{"uid":"6b210712ce44857a","status":"passed","time":{"start":1771865945832,"stop":1771865947020,"duration":1188}},{"uid":"81b589e72fc44d43","status":"passed","time":{"start":1771865757303,"stop":1771865758520,"duration":1217}}]},"1a32b947ccdcc47e8b0a33af5e46ecbf":{"statistic":{"failed":0,"broken":0,"skipped":0,"passed":3,"unknown":0,"total":3},"items":[{"uid":"e8edbef9a8bd1937","status":"passed","time":{"start":1771865986655,"stop":1771865988158,"duration":1503}},{"uid":"4609f3a0c9dec144","status":"passed","time":{"start":1771865948705,"stop":1771865950314,"duration":1609}},{"uid":"cb1327f0828708b5","status":"passed","time":{"start":1771865760016,"stop":1771865761704,"duration":1688}}]},"f15df89ac86fa64cf8dafbaa60b7e129":{"statistic":{"failed":0,"broken":0,"skipped":0,"passed":3,"unknown":0,"total":3},"items":[{"uid":"a1d637dabab2e4e3","status":"passed","time":{"start":1771865974284,"stop":1771865978432,"duration":4148}},{"uid":"81f4a3479ec93d94","status":"passed","time":{"start":1771865935335,"stop":1771865940305,"duration":4970}},{"uid":"b23ff3e71d82d729","status":"passed","time":{"start":1771865748033,"stop":1771865752107,"duration":4074}}]},"d9c5ab5188277510e321a30f56a92e51":{"statistic":{"failed":0,"broken":0,"skipped":0,"passed":3,"unknown":0,"total":3},"items":[{"uid":"e3609ad90f86147d","status":"passed","time":{"start":1771865982797,"stop":1771865983987,"duration":1190}},{"uid":"a94c08e061f5d481","status":"passed","time":{"start":1771865944605,"stop":1771865945830,"duration":1225}},{"uid":"887376bb432a1bae","status":"passed","time":{"start":1771865756104,"stop":1771865757301,"duration":1197}}]},"bdb78e0989b99d15c46f44e23c3aacff":{"statistic":{"failed":0,"broken":0,"skipped":0,"passed":3,"unknown":0,"total":3},"items":[{"uid":"4db5b0987f65933c","status":"passed","time":{"start":1771865988160,"stop":1771865988321,"duration":161}},{"uid":"d247fd53fc1509d4","status":"passed","time":{"start":1771865950317,"stop":1771865950471,"duration":154}},{"uid":"696c05a4027669ad","status":"passed","time":{"start":1771865761706,"stop":1771865761854,"duration":148}}]},"d582f7eab4c3e4c00914811667f48d67":{"statistic":{"failed":3,"broken":0,"skipped":0,"passed":0,"unknown":0,"total":3},"items":[{"uid":"64faf4fd8f61dc1c","status":"failed","statusDetails":"AssertionError: [ADMIN] Expected 400/409/422 — cannot publish service with deprecated model, got 200. Response: \"Service 'b86fbda57f4d8610182c687c84c884f1' updated successfully.\"\nassert 200 in [400, 409, 422]\n +  where 200 = <Response [200 OK]>.status_code","time":{"start":1771865994573,"stop":1771865996109,"duration":1536}},{"uid":"7622531c3435ae5d","status":"failed","statusDetails":"AssertionError: [ADMIN] Expected 400/409/422 — cannot publish service with deprecated model, got 200. Response: \"Service '88083d8dc553284062d199e2d08f45e1' updated successfully.\"\nassert 200 in [400, 409, 422]\n +  where 200 = <Response [200 OK]>.status_code","time":{"start":1771865956681,"stop":1771865958204,"duration":1523}},{"uid":"813ad5d138adce2","status":"failed","statusDetails":"AssertionError: [ADMIN] Expected 400/409/422 — cannot publish service with deprecated model, got 200. Response: \"Service 'a9892d96bbbe2490b5b24a8698f41ffb' updated successfully.\"\nassert 200 in [400, 409, 422]\n +  where 200 = <Response [200 OK]>.status_code","time":{"start":1771865767988,"stop":1771865769459,"duration":1471}}]}}